<?xml version="1.0"?>
<SettingsLocationTemplate xmlns="http://schemas.microsoft.com/UserExperienceVirtualization/2012/SettingsLocationTemplate">
  <Name>Adobe Acrobat DC</Name>
  <ID>Adobe-Acrobat-DC</ID>
  <Version>1</Version>
  <Author>
    <Name>Adobe Systems Incorporated</Name>
    <Email></Email>
  </Author>
  <Processes>
    <Process>
      <Filename>Acrobat.exe</Filename>
      <ProductVersion>
        <Major Minimum="15" Maximum="15" />
      </ProductVersion>
      <FileVersion>
        <Major Minimum="15" Maximum="15" />
      </FileVersion>
    </Process>
  </Processes>
  <Settings>
    <Registry>
      <Path Recursive="true">Software\Adobe\Adobe Acrobat\DC\Identity</Path>
    </Registry>
	<Registry>
      <Path Recursive="true">Software\Adobe\Adobe Acrobat\DC\AcroApp\cFavorites</Path>
    </Registry>
    <Registry>
      <Path Recursive="true">Software\Adobe\Adobe Acrobat\DC\AVConversionToPDF</Path>
    </Registry>
    <Registry>
      <Path Recursive="true">Software\Adobe\Adobe Acrobat\DC\AVConversionFromPDF</Path>
    </Registry>	
    <Registry>
      <Path Recursive="true">Software\Adobe\Adobe Acrobat\DC\PaperCapturePlugin</Path>
    </Registry>
    <Registry>
      <Path Recursive="true">Software\Adobe\Adobe Acrobat\DC\AVGeneral\cFavoritesCommandsDesktop</Path>
    </Registry>
	<Registry>
      <Path Recursive="true">Software\Adobe\Adobe Acrobat\DC\Comments</Path>
    </Registry>		
    <Registry>
      <Path Recursive="true">Software\Adobe\Adobe Acrobat\DC\AVGeneral\cDockables</Path>
    </Registry>
    <Registry>
      <Path Recursive="true">Software\Adobe\Adobe Acrobat\DC\Annots</Path>
    </Registry>
	<Registry>
      <Path>Software\Adobe\Adobe Acrobat\DC\AVGeneral</Path>
      <Name>bShowQuickTools</Name>
    </Registry>	
	<Registry>
      <Path>Software\Adobe\Adobe Acrobat\DC\AVGeneral</Path>
      <Name>bAllowDocsToHideUI</Name>
    </Registry>
	<Registry>
      <Path>Software\Adobe\Adobe Acrobat\DC\AVGeneral</Path>
	  <Name>iMaxMRUCntToBeStored</Name>
    </Registry>	
	<Registry>
      <Path>Software\Adobe\Adobe Acrobat\DC\AVGeneral</Path>
	  <Name>bShowAnnotConector</Name>
    </Registry>	
	<Registry>
      <Path>Software\Adobe\Adobe Acrobat\DC\AVGeneral</Path>
	  <Name>bPopupsScrollWithPage</Name>
	</Registry>	
	<Registry>
      <Path>Software\Adobe\Adobe Acrobat\DC\AVGeneral</Path>
	  <Name>bHidePopupIfShowSummary</Name>
    </Registry>
	<Registry>
      <Path>Software\Adobe\Adobe Acrobat\DC\Originals</Path>
      <Name>bOpenInPlace</Name>
    </Registry>
	<Registry>
      <Path>Software\Adobe\Adobe Acrobat\DC\Originals</Path>
      <Name>bSaveAsLinearized</Name>
   </Registry>
   	<Registry>
      <Path>Software\Adobe\Adobe Acrobat\DC\Originals</Path>
      <Name>bHoveringPopups</Name>
   </Registry>
   <Registry>
      <Path>Software\Adobe\Adobe Acrobat\DC\Originals</Path>
      <Name>iNoteOpacity</Name>
   </Registry>
   	<Registry>
      <Path>Software\Adobe\Adobe Acrobat\DC\OptionalContent</Path>
      <Name>bAutoSetLayers</Name>
   </Registry>
    <Registry>
      <Path>Software\Adobe\Adobe Acrobat\DC\AutoSaveDocs</Path>
      <Name>bAutoSaveDocsEnabled</Name>
   </Registry>
    <Registry>
      <Path>Software\Adobe\Adobe Acrobat\DC\AutoSaveDocs</Path>
      <Name>iAutoSaveDocsInterval</Name>
   </Registry>
    <Registry>
      <Path>Software\Adobe\Adobe Acrobat\DC\RememberedViews</Path>
      <Name>iRememberView</Name>
   </Registry>
   <File>
      <Root>
        <EnvironmentVariable>APPDATA</EnvironmentVariable>
      </Root>
      <Path Recursive="true">Adobe\Acrobat\DC\Sequences</Path>
   </File>
   
 </Settings>
</SettingsLocationTemplate>