<?xml version="1.0"?>
<SettingsLocationTemplate xmlns="http://schemas.microsoft.com/UserExperienceVirtualization/2013A/SettingsLocationTemplate">
  <Name>Google Chrome</Name>
  <ID>Google-Chrome-profile</ID>
  <Version>1</Version>
  <Author>
    <Name>John Eijgensteijn</Name>
    <Email>john.eijgensteijn@proact.nl</Email>
  </Author>
  <Processes>
    <Process>
      <Filename>chrome.exe</Filename>
    </Process>
  </Processes>
  <Settings>
    <File>
      <Root>
        <EnvironmentVariable>APPDATA</EnvironmentVariable>
      </Root>
      <Path>Google\Chrome\User Data\Default</Path>
      <FileMask>profile.pb</FileMask>
    </File>
  </Settings>
</SettingsLocationTemplate>